stage,correct,errors,accuracy,tn,fp,fn,tp
baseline,9120,287,0.9694908047198895,1731,177,110,7389
roundP_2,9120,287,0.9694908047198895,1732,176,111,7388
roundP_1,9116,291,0.9690655894546614,1735,173,118,7381
roundV_2,9119,288,0.9693845009035824,1737,171,117,7382
roundV_2_P_1,9116,291,0.9690655894546614,1736,172,119,7380
roundPS_2,9120,287,0.9694908047198895,1732,176,111,7388
roundW_2,9119,288,0.9693845009035824,1737,171,117,7382
roundW_2_PS_1,9116,291,0.9690655894546614,1736,172,119,7380
roundIn_1,9103,304,0.9676836398426704,1709,199,105,7394
